screenshot,price
1171690_ss_237d538d4f425da19b31473c299d181e2e13631c.1920x1080.jpg,1799
1173730_ss_0b5852b19599305255d2364c72322e16bbd5a8a0.1920x1080.jpg,999
1212550_ss_0f620e2d63e4f3394d5383317186a4050e0dfcbf.1920x1080.jpg,199
1293300_ss_0299eaab0101f0e2443f765e8b918d73a2a9cace.1920x1080.jpg,1479
1299860_ss_0fe9228580473f17390213201e85bb9eb605b96f.1920x1080.jpg,1579
1454700_ss_25986d422199efc3d00794ebe4101f1fb579db44.1920x1080.jpg,0
1537080_ss_107b8287d96e327b6c1f17fe47e4c783c009f8a5.1920x1080.jpg,1748
1550560_ss_01c7c0c2ed623d15d1e3647b4b39ead4d49c80a4.1920x1080.jpg,819
1672880_ss_1eb5455094d011d6e6a2ac95242e7cb1f45c7490.1920x1080.jpg,975
1760640_ss_0b32ccc74b3b0695b388c6290ec3694d0e537302.1920x1080.jpg,779
1878920_ss_61c6bd168eed6aa8334fe670430e24b10034886e.1920x1080.jpg,879
1900890_ss_170f604210163d85276ed984771dc177b25c7c45.1920x1080.jpg,1499
1929760_ss_0988018772576ae181101508b2baa72c40b3908e.1920x1080.jpg,1950
2009310_ss_01966dfbd976db2ecf035b10b42a92939962af18.1920x1080.jpg,0
2014740_ss_07e1835df99c22f52a1dfa644f4119fc5a245799.1920x1080.jpg,1079
2070060_ss_007adb1dad6078961e919ddd32e44bbe50536609.1920x1080.jpg,249
2140050_ss_10d0de93af52c08045e42314d2fa5091f2c8c057.1920x1080.jpg,1950
2160190_ss_0284663f97d650db7faed43529d974656a189b40.1920x1080.jpg,499
2173270_ss_189c85a7f0f06f8d56f1e9314bdffbf862b4fc37.1920x1080.jpg,499
2178360_ss_6fbd2f8a5d09e1c4263ce4ddb2f9ddd7b6c0b7e7.1920x1080.jpg,358
2203540_ss_00e237a17c29f0b3f535be5bbaf1aca1291bc5e0.1920x1080.jpg,399
2207220_ss_032ff0b1f7c0926f4b8214808f8f9f3ce3d89f41.1920x1080.jpg,1579
2209320_ss_00ccb018928a7e97ab72dcbdc5bf9f1fdeca6114.1920x1080.jpg,399
2218750_ss_07bd1fa55f6843e3d4c76a9e3c7afb7cf8e65408.1920x1080.jpg,499
2219640_ss_043c8e4ff5d6e6dc487555d4ec41b1e527782d86.1920x1080.jpg,588
2220980_ss_0320484b8ae00ca354b3e846aea6bf2fe7220bda.1920x1080.jpg,399
2229300_ss_15f8b0f738f146db36835f7ca0d8df4ec5372ec4.1920x1080.jpg,1950
2241920_ss_0b2bed76982f30541a8f084349915a02cc917245.1920x1080.jpg,499
2263550_ss_003ae84254705fc2976b3302a9a7cad59d3ff561.1920x1080.jpg,0
2267990_ss_536b9e38a844536e807e5e2c366374ed535ee34b.1920x1080.jpg,499
2270000_ss_04f7923d9ccd328e34aba06eeadd3dfe2f3738fc.1920x1080.jpg,2450
2279040_ss_0cf9324dc4491163c963de7f7fa4787c5f63335f.1920x1080.jpg,0
2280330_ss_1d12ef276c2da2de7894785006692c1862f6bac2.1920x1080.jpg,99
2284460_ss_11d868bcdecf523718fd60e995b29480fdf59cbb.1920x1080.jpg,299
2290490_ss_155a93e35b18b3bacee13f181952f22d8459e077.1920x1080.jpg,0
2292280_ss_173107456fca8a54e4220b90f70cba2c8ddc9839.1920x1080.jpg,399
2299920_ss_068a09669ef97ddb9c79c2ca29ef7945dccae4d7.1920x1080.jpg,499
2307080_ss_3870ad4c410edb7e0f392268cdf398898640f2aa.1920x1080.jpg,1379
2310590_ss_04ef11b53e24f2ae3279d23e7265cdb27794281a.1920x1080.jpg,975
2311070_ss_02d3d56fbafdf7c7c7f599ac50371fb84aed939d.1920x1080.jpg,399
2314440_ss_3d81c8fd6d5afc527962003c2919a3aff057d024.1920x1080.jpg,99
2336160_ss_3a1b240b2d86ab8f9dd87798e560e26385a826e8.1920x1080.jpg,299
2341140_ss_1156f24c24fe6e286fc52ffb92d2013daa760911.1920x1080.jpg,1950
2349480_ss_ba6a0bd4495ca196c42fe2da83d53233b2d6e8ba.1920x1080.jpg,0
2354710_ss_17076522fd10c0897cfc95f1113008b491e97e43.1920x1080.jpg,2450
2370130_ss_035f5c88f097add05acb1131fda2864ee59393fd.1920x1080.jpg,199
2371560_ss_01a62d0ab7a39d80264ab244eda124d3eb1b6495.1920x1080.jpg,779
2377890_ss_03b124c4c2a1f7f1306803e64c676ae1311dc014.1920x1080.jpg,0
2392810_ss_0f21b8bbff4b64c8dae3f5712199408bbfcaceac.1920x1080.jpg,499
2410140_ss_03aea6f88c95a870a4c50993a03b50042b2a46ca.1920x1080.jpg,689
2410700_ss_0d15c4923c25d00d1578ecf9866333936b4904f3.1920x1080.jpg,0
2413470_ss_1540dbd5570c1737303d947cfd96adcf56c72edd.1920x1080.jpg,975
2420050_ss_0d1a702e40d8463bb12363b544ecdb4ac07aac7a.1920x1080.jpg,1279
2421510_ss_02cf8d41cc263e16a009831ea848e7623b625c18.1920x1080.jpg,499
2424230_ss_20bba9b821e3b1a4cccdf94a0c28c1e69950aaba.1920x1080.jpg,975
2428960_ss_47badf78ddb878c008e63bb6410328c088bc8c76.1920x1080.jpg,199
2430580_ss_084f6c23b3148b18c792d22b79552d843baf1ef8.1920x1080.jpg,1499
2442880_ss_0babe92e41786121cbb3001d11b3ed341ae148b9.1920x1080.jpg,0
2450930_ss_0ac4984041ffd546d5d587ff053a75a3180aeeb5.1920x1080.jpg,499
2463830_ss_4c7d3afc3c46ab4eb94e6163f0537d603a664a6b.1920x1080.jpg,0
2478850_ss_3ef0522ff70f0d205db573e2764d3fe3a870d32c.1920x1080.jpg,499
2481170_ss_108152d299aa5cc2aeb0b48c2299293296aff89b.1920x1080.jpg,975
2484960_ss_491788c2bbfd40c83d3f173e5419beacf5767300.1920x1080.jpg,499
2490760_ss_2888277c347768f665c95df0bcf93986a2e08fec.1920x1080.jpg,499
2505840_ss_033a0014e40b1c78f70042c1ee6d6a320e59bcd9.1920x1080.jpg,0
2507630_ss_5279dffd9f3b88e5a42911b05b84b5bb7c363916.1920x1080.jpg,589
2517410_ss_438f263568b69b25ad9562ec6454e415b3a50612.1920x1080.jpg,299
2524590_ss_07a06dbb5eb63b05be6f20dd533cd24edac4ca62.1920x1080.jpg,99
2533430_ss_11791c8112635bb38309820c8e29ca2d9b3a3fca.1920x1080.jpg,689
2535970_ss_15f2b8d422c7ede03ed9a4473da48aa3f5cbeb1d.1920x1080.jpg,399
2540060_ss_2b6b051f9d36d30f4c40cb6b7e550c78ff7ebb05.1920x1080.jpg,689
2558060_ss_18ca2f8d2ee71c2768980588a973a544bf71723f.1920x1080.jpg,1950
2562290_ss_1279e5037cd663de37348356a3e0f49b2307a90b.1920x1080.jpg,499
2574820_ss_04fa8fed25cdd92386ab1485702756b37f1d7a34.1920x1080.jpg,975
2578280_ss_50e942f375d0fedce91c94d449eed531997043ae.1920x1080.jpg,399
2590910_ss_05f0a3fd1d995e8ea74fc830776e8fbfe60e3986.1920x1080.jpg,199
2599360_ss_09c0f81d13701f71f130cc0068a9fc78fe71e697.1920x1080.jpg,399
2613240_ss_10857f285704702d51c757c98629dea09d62ccb5.1920x1080.jpg,0
2645170_ss_45025f5c1b15b6eb928799a82b05490c454b0de3.1920x1080.jpg,99
2652690_ss_06c960e334512c5bd97d0ff7c0fc0d1ac25cfb63.1920x1080.jpg,779
2670250_ss_17718ff131a52a0d9e17f76a47ab06c9417d610d.1920x1080.jpg,0
2675620_ss_01ae1fad08a61a69c1c28379e8f73bde04db37aa.1920x1080.jpg,199
2679740_ss_0127af8cd3f17651182d37e6c23e8c361c719025.1920x1080.jpg,1148
2681640_ss_15fcc6273cbdda89ad0280956464fb06cd53ae5d.1920x1080.jpg,199
2704860_ss_129cff549f5fadf6e3a2f88caa4b614ac957c9ff.1920x1080.jpg,589
2707970_ss_0ce74dd4fe35086a65e944481efd96f03b3b017f.1920x1080.jpg,299
2722740_ss_1eac0adb4c99f9bf880db85bad6fdb3429c15c9c.1920x1080.jpg,99
2746220_ss_1c4613c384fa23ddd7b37fb82a4ffa562d40c125.1920x1080.jpg,299
2747740_ss_2680d60077208ff4397d1d6109eee41e4f7bf6b1.1920x1080.jpg,0
2754840_ss_3411206fb735c1f3460283ee5ccb208249670c9a.1920x1080.jpg,0
2763930_ss_08128efd7f90325fa09a9013f7efdaba2724f0f2.1920x1080.jpg,299
2789500_ss_2f53557dd6ab620a843dc90843f8f4b7837d913d.1920x1080.jpg,879
2792900_ss_087b65241899deff91bb71643d0a847c17a146d5.1920x1080.jpg,199
2805580_ss_17bcb04376c661d897844599825cf54f1e89940b.1920x1080.jpg,499
2808490_ss_161ada706b45cbff4c2727fe12ba7787b605b8f4.1920x1080.jpg,399
2811700_ss_0daa19aa7b88e12a1dca371c9b59c854fa6c6d13.1920x1080.jpg,99
2832730_ss_0a8ef2dd0a6ff62b56c9b7ef542c7c090798bab6.1920x1080.jpg,499
746040_ss_65af88f2dd8dc456a669ce2817d967f8c34a04c2.1920x1080.jpg,999
846030_ss_0affe4f7ade03dbaf79d61c928c2e0bb9fa45666.1920x1080.jpg,819
855740_ss_01f4a8c59fca9f9e8ee64d57aec17cc6b1061b7a.1920x1080.jpg,1499
